{
    "LTX-Video": {
        "subj": 0.9865706562995911,
        "bg": 0.0067147016525268555,
        "diag": 0.0,
        "cut": 0.5656186253622046,
        "dsa_matrix": [
            [
                0.9999999403953552,
                0.9865706562995911
            ],
            [
                0.9865706562995911,
                0.9999999403953552
            ]
        ],
        "visibility": 1.0
    },
    "CogVideoX": {
        "subj": 0.9482048153877258,
        "bg": 0.025897622108459473,
        "diag": 0.0,
        "cut": 0.6033578126060677,
        "dsa_matrix": [
            [
                0.9999998211860657,
                0.9482048153877258
            ],
            [
                0.9482048153877258,
                0.9999999403953552
            ]
        ],
        "visibility": 1.0
    },
    "ModelScope": {
        "subj": 0.8927446007728577,
        "bg": 0.053627729415893555,
        "diag": 0.171875,
        "cut": 0.5345068917104845,
        "dsa_matrix": [
            [
                1.0,
                0.8927446007728577
            ],
            [
                0.8927446007728577,
                0.9999998807907104
            ]
        ],
        "visibility": 1.0
    },
    "StoryDiffusion": {
        "subj": 0.25246700644493103,
        "bg": 0.3737664818763733,
        "diag": 0.0,
        "cut": 0.7195243275891772,
        "dsa_matrix": [
            [
                1.0,
                0.25246700644493103
            ],
            [
                0.25246700644493103,
                1.0
            ]
        ],
        "visibility": 1.0
    },
    "FreeNoise": {
        "subj": 0.8456536531448364,
        "bg": 0.07717311382293701,
        "diag": 0.1494140625,
        "cut": 0.5791275043826386,
        "dsa_matrix": [
            [
                1.0,
                0.8456536531448364
            ],
            [
                0.8456536531448364,
                1.0000001192092896
            ]
        ],
        "visibility": 1.0
    },
    "AnimateDiff": {
        "subj": 0.8456536531448364,
        "bg": 0.07717311382293701,
        "diag": 0.1494140625,
        "cut": 0.5791275043826386,
        "dsa_matrix": [
            [
                1.0,
                0.8456536531448364
            ],
            [
                0.8456536531448364,
                1.0000001192092896
            ]
        ],
        "visibility": 1.0
    },
    "SVD": {
        "subj": 0.8938338756561279,
        "bg": 0.053083062171936035,
        "diag": 0.0,
        "cut": 0.6078435764596011,
        "dsa_matrix": [
            [
                1.0,
                0.8938338756561279
            ],
            [
                0.8938338756561279,
                1.0
            ]
        ],
        "visibility": 1.0
    }
}